Address;Postcode
287 Avenue Road Extension, Leicester;LE2 3ER
74 Knighton Church Road, Leicester;LE2 3JH
179 Ratcliffe Road, Leicester;LE2 3TE
57 Gainsborough Road, Leicester;LE2 3DH
3 Avenue Gardens, Leicester;LE2 3EU
17 Portland Road, Leicester;LE2 3AB
20 Portland Road, Leicester;LE2 3AB
3 Palmerston Boulevard, Leicester;LE2 3YT
2 Egerton Houses, Leicester;LE2 3LR
60 Greenhill Road, Leicester;LE2 3DL
78 Shirley Avenue, Leicester;LE2 3NA
245 Knighton Church Road, Leicester;LE2 3JP
3 Goldhill Road, Leicester;LE2 3LE
9 Arreton Close, Leicester;LE2 3PP
281 Clarendon Park Road, Leicester;LE2 3AQ
12 Shanklin Avenue, Leicester;LE2 3RE
2 Shanklin Avenue, Leicester;LE2 3RE
37 South Kingsmead Road, Leicester;LE2 3YN
111 Knighton Church Road, Leicester;LE2 3JN
9 Gainsborough Road, Leicester;LE2 3DG
33 Knighton Church Road, Leicester;LE2 3JN
9 Eastcourt Road, Leicester;LE2 3YA
65 Overdale Road, Leicester;LE2 3YJ
198 Avenue Road Extension, Leicester;LE2 3EL
193 Queens Road, Leicester;LE2 3FN
23 Greenhill Road, Leicester;LE2 3DN
43 South Kingsmead Road, Leicester;LE2 3YN
76 Meadvale Road, Leicester;LE2 3WL
157 Queens Road, Leicester;LE2 3FN
108 Avenue Road Extension, Leicester;LE2 3EH
106 Stanfell Road, Leicester;LE2 3GB
71 Avenue Road, Leicester;LE2 3EA
2B Cross Road, Leicester;LE2 3AA
223 Avenue Road Extension, Leicester;LE2 3ER
24 Knighton Church Road, Leicester;LE2 3JG
16 South Knighton Road, Leicester;LE2 3LN
240 Clarendon Park Road, Leicester;LE2 3AG
29 Newmarket Street, Leicester;LE2 3WQ
26 Kenwood Road, Leicester;LE2 3PJ
37 Balmoral Close, Leicester;LE2 3PZ
3 Milford Road, Leicester;LE2 3FG
135 St Leonards Road, Leicester;LE2 3BZ
8 Knighton Road, Leicester;LE2 3HH
70 Carisbrooke Road, Leicester;LE2 3PB
140 Shanklin Drive, Leicester;LE2 3QD
22 Brinsmead Road, Leicester;LE2 3WB
Flat 2, 3 Avenue Road, Leicester;LE2 3EA
25 Springfield Road, Leicester;LE2 3BB
167 South Knighton Road, Leicester;LE2 3LT
70 Sidney Road, Leicester;LE2 3JR
39 Springfield Road, Leicester;LE2 3BB
26 Overdale Road, Leicester;LE2 3YH
42 Overdale Road, Leicester;LE2 3YH
76 Overdale Road, Leicester;LE2 3YH
27 Craighill Road, Leicester;LE2 3FD
76 Carisbrooke Road, Leicester;LE2 3PB
155A Queens Road, Leicester;LE2 3FN
19 Stockwell Road, Leicester;LE2 3PN
10 Estima Close, Leicester;LE2 3UE
194 Queens Road, Leicester;LE2 3FT
31 Greenhill Road, Leicester;LE2 3DN
106 Avenue Road Extension, Leicester;LE2 3EH
50 Bulwer Road, Leicester;LE2 3BU
111 Greenhill Road, Leicester;LE2 3DP
11 Heythrop Close, Oadby;LE2 4SL
22 Stour Close, Oadby;LE2 4GE
5 Gorse Lane, Oadby;LE2 4RR
9 Stevenstone Close, Oadby;LE2 4TF
7 Trent Close, Oadby;LE2 4GP
30 Launde Road, Oadby;LE2 4HG
43 Beaumont Street, Oadby;LE2 4DA
Flat 6, Brooks House, 81 Leicester Road, Oadby;LE2 4AB
14 Parkland Drive, Oadby;LE2 4DG
27 Elizabeth Drive, Oadby;LE2 4RD
2 Carbery Close, Oadby;LE2 4TA
12 Willow Herb Close, Oadby;LE2 4QG
31 Parkland Drive, Oadby;LE2 4DH
2 Colne Close, Oadby;LE2 4GA
4 The Avenue, Oadby;LE2 4QR
28 James Gavin Way, Oadby;LE2 4UE
17 Bollington Road, Oadby;LE2 4ND
41 Malham Way, Oadby;LE2 4PS
11 Eden Close, Oadby;LE2 4JQ
53 Queen Street, Oadby;LE2 4NL
37A Severn Road, Oadby;LE2 4FU
6 Atherstone Close, Oadby;LE2 4SP
12 St Pauls Close, Oadby;LE2 4LZ
27 Queen Street, Oadby;LE2 4NL
27 Queen Street, Oadby;LE2 4NL
6 Wych Elm Road, Oadby;LE2 4EF
107 Harborough Road, Oadby;LE2 4LG
6 Uplands Road, Oadby;LE2 4NS
14 Hayden Walk, Oadby;LE2 4TL
31 Pipistrelle Way, Oadby;LE2 4QA
11 Quiney Way, Oadby;LE2 4HN
5 Burton Close, Oadby;LE2 4SQ
14 Smore Slade Hills, Oadby;LE2 4UX
26 Fox Pond Lane, Oadby;LE2 4RY
10 Tynedale Close, Oadby;LE2 4TS
95 Leicester Road, Oadby;LE2 4AB
79 Leicester Road, Oadby;LE2 4DF
58 Regent Street, Oadby;LE2 4DL
7 Sycamore Close, Stretton Hall;LE2 4QU
27 Brookside Drive, Oadby;LE2 4PD
29 Woodfield Road, Oadby;LE2 4HQ
2 Fernie Close, Oadby;LE2 4SJ
3 Spion Kop, Oadby;LE2 4QN
132 Harborough Road, Oadby;LE2 4LD
3 Manor Road Extension, Oadby;LE2 4FG
37 Hornbeam Close, Oadby;LE2 4EQ
12 Woodlands Close, Oadby;LE2 4QP
14 Kent Drive, Oadby;LE2 4PN
52 Queen Street, Oadby;LE2 4NJ
24 Stoughton Road, Oadby;LE2 4DS
7 Forest Rise, Oadby;LE2 4FH
19 Derwent Walk, Oadby;LE2 4JB
10 St Pauls Close, Oadby;LE2 4LZ
9 Bourton Crescent, Oadby;LE2 4PA
32 The Pastures, Oadby;LE2 4QD
6 Leys Close, Oadby;LE2 4HJ
8 The Pastures, Oadby;LE2 4QD
51 Regent Street, Oadby;LE2 4DN
8 Frensham Close, Oadby;LE2 5WF
1 Vandyke Road, Oadby;LE2 5UB
23 Coombe Rise, Oadby;LE2 5TJ
16 Church Street, Oadby;LE2 5DB
5 Church Street, Oadby;LE2 5DB
22 Mandervell Road, Oadby;LE2 5LN
57 Rosemead Drive, Oadby;LE2 5SD
22 Primrose Hill, Oadby;LE2 5JA
63 Hermitage Court, Honeywell Close, Oadby;LE2 5QQ
65 Hermitage Court, Honeywell Close, Oadby;LE2 5QQ
90 Fairstone Hill, Oadby;LE2 5RJ
21 Greenbank Drive, Oadby;LE2 5RQ
38 Davenport Avenue, Oadby;LE2 5HP
11 Beech Road, Oadby;LE2 5QL
120 London Road, Oadby;LE2 5RS
20 Kenilworth Drive, Oadby;LE2 5HS
34 Briar Walk, Oadby;LE2 5UF
49 Highcroft Avenue, Oadby;LE2 5UH
96 London Road, Oadby;LE2 5DJ
5 Chestnut Avenue, Oadby;LE2 5JH
1 High Leys Drive, Oadby;LE2 5TL
23 Chapel Street, Oadby;LE2 5AD
4 Broxfield Close, Oadby;LE2 5WJ
21 Drury Lane, Oadby;LE2 5FD
4 Southfields Avenue, Oadby;LE2 5GL
37 The Oval, Oadby;LE2 5JB
21 Kew Drive, Oadby;LE2 5TS
2 Brooksby Close, Oadby;LE2 5AB
1 Foxhunter Drive, Oadby;LE2 5FG
15 St James Close, Oadby;LE2 5UR
28 Kenilworth Drive, Oadby;LE2 5HS
3 Barnet Close, Oadby;LE2 5WA
2 Orchard Close, Oadby;LE2 5PL
3B Chapel Street, Oadby;LE2 5AD
15 King Street, Oadby;LE2 5DF
9 Milton Gardens, Oadby;LE2 5SA
29 Coombe Rise, Oadby;LE2 5TJ
8 Tilton Drive, Oadby;LE2 5WW
3 The Morwoods, Oadby;LE2 5ED
8 Drury Lane, Oadby;LE2 5FD
36 Seagrave Drive, Oadby;LE2 5GJ
16 Garden Close, Oadby;LE2 5PD
115 Foxhunter Drive, Oadby;LE2 5FH
Flat 9, 80 The Parade, Oadby;LE2 5BF
25 Rowleys Court, Sandhurst Street, Oadby;LE2 5AS
78 Foxhunter Drive, Oadby;LE2 5FF
39 Wigston Road, Oadby;LE2 5QF
1 Rowleys Court, Sandhurst Street, Oadby;LE2 5AS
3 Meadow View, London Road, Oadby;LE2 5EA
39 Hermitage Court, Honeywell Close, Oadby;LE2 5QQ
8 Glen Way, Oadby;LE2 5YE
19 Lowcroft Drive, Oadby;LE2 5UD
4 Saffron Way, Leicester;LE2 6UP
150 Knighton Fields Road East, Leicester;LE2 6DR
20 Wheatsheaf Way, Leicester;LE2 6EQ
Apartment 60, 21 Wheatsheaf Court, Leicester;LE2 6EY
43 Skelton Drive, Leicester;LE2 6JQ
10 Trenant Road, Leicester;LE2 6UA
33 Shrewsbury Avenue, Leicester;LE2 6JN
49 Heather Road, Leicester;LE2 6DF
49 Copinger Road, Leicester;LE2 6LF
85 Knighton Fields Road West, Leicester;LE2 6LH
1 Heather Road, Leicester;LE2 6DF
568 Welford Road, Leicester;LE2 6EP
142 Knighton Fields Road East, Leicester;LE2 6DR
229 Saffron Lane, Leicester;LE2 6UD
63 Wordsworth Road, Leicester;LE2 6ED
251 Welford Road, Leicester;LE2 6BH
22 Wheatsheaf Way, Leicester;LE2 6EQ
24 Wheatsheaf Way, Leicester;LE2 6EQ
Apartment 57, 18 Wheatsheaf Court, Leicester;LE2 6EX
31 Stonesby Avenue, Leicester;LE2 6TX
36 Deancourt Road, Leicester;LE2 6GH
20 Stonesby Avenue, Leicester;LE2 6SN
711 Saffron Lane, Leicester;LE2 6TF
22 Knighton Fields Road East, Leicester;LE2 6DP
328 Knighton Lane East, Leicester;LE2 6FS
22 Baldwin Road, Leicester;LE2 6HA
3 Ramsbury Road, Leicester;LE2 6HR
23 Muston Gardens, Leicester;LE2 6FX
26 Brookfield Rise, Leicester;LE2 6RB
69 Wordsworth Road, Leicester;LE2 6ED
Apartment 13, 40 Wheatsheaf Way, Leicester;LE2 6EQ
62 Bloomfield Road, Leicester;LE2 6LA
1 Westbury Road, Leicester;LE2 6AG
100 Knighton Fields Road West, Leicester;LE2 6LG
26 Cairnsford Road, Leicester;LE2 6GF
18 Bluebell Drive, Leicester;LE2 6TZ
Apartment 39, 21 Wheatsheaf Court, Leicester;LE2 6EY
2 Asquith Boulevard, Leicester;LE2 6FA
29 Aberdale Road, Leicester;LE2 6GD
80 Shackerdale Road, Leicester;LE2 6HS
114 Northdene Road, Leicester;LE2 6JG
49 Stonesby Avenue, Leicester;LE2 6TX
129 Southfields Drive, Leicester;LE2 6QT
58 Bloomfield Road, Leicester;LE2 6LA
28 Heather Road, Leicester;LE2 6DD
35 Northdene Road, Leicester;LE2 6FJ
265 Pendlebury Drive, Leicester;LE2 6GU
19 Westbury Road, Leicester;LE2 6AG
162 Knighton Fields Road East, Leicester;LE2 6DR
18 Wheatsheaf Way, Leicester;LE2 6EQ
146 Knighton Fields Road East, Leicester;LE2 6DR
41 Baldwin Road, Leicester;LE2 6HB
81 Shackerdale Road, Leicester;LE2 6HT
272 Asquith Boulevard, Leicester;LE2 6FB
579 Welford Road, Leicester;LE2 6FP
51 Hylion Road, Leicester;LE2 6GQ
18 Heathcott Road, Leicester;LE2 6LL
143 Knighton Fields Road East, Leicester;LE2 6DR
107 Wordsworth Road, Leicester;LE2 6ED
125 Wordsworth Road, Leicester;LE2 6ED
2 Deancourt Road, Leicester;LE2 6GH
253 Welford Road, Leicester;LE2 6BH
21 Elston Fields, Leicester;LE2 6NH
22 Schoolgate, Leicester;LE2 6SL
31 Cairnsford Road, Leicester;LE2 6GG
100 The Fairway, Leicester;LE2 6LP
48 Neston Road, Leicester;LE2 6RD
Flat 39, 55 Watkin Road, Leicester;LE2 7AZ
133 Saffron Lane, Leicester;LE2 7NA
Flat 12, 25 Pavilion Close, Leicester;LE2 7HS
Flat 21, 30 Pavilion Close, Leicester;LE2 7JP
10 Marylebone Place, Leicester;LE2 7LS
Flat 15, 20 The Newarke, Leicester;LE2 7BY
44 Ullswater Street, Leicester;LE2 7DT
Apartment 36, 61 Watkin Road, Leicester;LE2 7HZ
11 Lothair Road, Leicester;LE2 7QE
Flat 14, 37 Watkin Road, Leicester;LE2 7AH
9 Ullswater Street, Leicester;LE2 7DU
16 Burnmoor Street, Leicester;LE2 7JJ
12 Oliver Street, Leicester;LE2 7PD
4 Farndale Close, Leicester;LE2 7HQ
82 Watkin Road, Leicester;LE2 7HW
84 Watkin Road, Leicester;LE2 7HW
126 Jarrom Street, Leicester;LE2 7DE
140 Grasmere Street, Leicester;LE2 7FS
Flat 30, 37 Watkin Road, Leicester;LE2 7AH
12 Woodford Road, Leicester;LE2 7AQ
Flat 26, 37 Watkin Road, Leicester;LE2 7AH
202 Watkin Road, Leicester;LE2 7HW
19 Burnmoor Street, Leicester;LE2 7JL
Unit 2 Raw Dykes Road, Leicester;LE2 7JZ
Maisonette 1, 65 Watkin Road, Leicester;LE2 7AX
Flat 16, 55 Watkin Road, Leicester;LE2 7AZ
Apartment 31, 19 Watkin Road, Leicester;LE2 7AG
120 Jarrom Street, Leicester;LE2 7DE
72 Boundary Road, Leicester;LE2 7PE
Gavin House, 57 Welford Road, Leicester;LE2 7AE
51 Ullswater Street, Leicester;LE2 7DU
137 Jarrom Street, Leicester;LE2 7DX
44 Macaulay Street, Leicester;LE2 7NJ
57 Ullswater Street, Leicester;LE2 7DU
27 Dartford Road, Leicester;LE2 7PQ
205 Aylestone Road, Leicester;LE2 7QJ
22 Montrose Road, Leicester;LE2 8SL
30 Grace Road, Leicester;LE2 8AD
49 Glenhills Boulevard, Leicester;LE2 8UF
21 Althorp Close, Leicester;LE2 8PZ
17 Disraeli Street, Leicester;LE2 8LX
30 Glenhills Boulevard, Leicester;LE2 8UA
28 Richmond Avenue, Leicester;LE2 8AX
38 Montrose Road, Leicester;LE2 8SL
86 Wigston Lane, Aylestone;LE2 8TL
27 Althorp Close, Leicester;LE2 8PZ
27 Leeson Street, Leicester;LE2 8RB
38 Hereford Road, Leicester;LE2 8HG
10 Paigle Road, Leicester;LE2 8HP
93 Belvoir Drive, Leicester;LE2 8PB
42 Narrow Lane, Leicester;LE2 8NA
62B Lorraine Road, Leicester;LE2 8ER
Flat D, 3 Percy Road, Leicester;LE2 8FP
21 Percy Road, Leicester;LE2 8FP
56 Earl Russell Street, Leicester;LE2 8LH
28 Lutterworth Road, Aylestone;LE2 8PF
5 Victors Close, Leicester;LE2 8PT
2 The Firs, Aylestone;LE2 8PU
Flat B, 6 Belvoir Drive, Leicester;LE2 8PW
37 St Andrews Road, Leicester;LE2 8RE
28 Buckingham Drive, Leicester;LE2 8PY
24 Bradston Road, Leicester;LE2 8QG
140 Percy Road, Leicester;LE2 8FN
39 Eastwood Road, Leicester;LE2 8DD
312 Aylestone Road, Leicester;LE2 8BJ
68 Burgess Road, Leicester;LE2 8QL
13 Park Hill Drive, Leicester;LE2 8HS
69 Percy Road, Leicester;LE2 8FQ
158 Aylestone Drive, Leicester;LE2 8SD
24 Aylestone Drive, Leicester;LE2 8QD
4 Franklyn Road, Leicester;LE2 8LL
14 Kempson Road, Leicester;LE2 8AN
231 Wigston Lane, Aylestone;LE2 8DJ
31 Buckingham Drive, Leicester;LE2 8PY
25 Winders Way, Leicester;LE2 8SS
379 Aylestone Road, Leicester;LE2 8TA
14 Park Hill Avenue, Leicester;LE2 8HQ
24 Althorp Close, Leicester;LE2 8PZ
46 Burnaston Road, Leicester;LE2 8QN
416 Aylestone Road, Leicester;LE2 8JA
34 Richmond Avenue, Leicester;LE2 8AX
10 Highgrove Crescent, Leicester;LE2 8PX
175 Vernon Road, Leicester;LE2 8GG
169 Duncan Road, Leicester;LE2 8EH
2 Althorp Close, Leicester;LE2 8PZ
45 St Annes Drive, Leicester;LE2 8HU
332 Aylestone Road, Leicester;LE2 8BL
134 Lansdowne Road, Leicester;LE2 8AR
6 Cheshire Road, Leicester;LE2 8HE
616 Aylestone Road, Leicester;LE2 8JD
139 Lutterworth Road, Aylestone;LE2 8PL
156 Knighton Lane, Leicester;LE2 8BF
81 Glenhills Boulevard, Leicester;LE2 8UG
41 Burnaston Road, Leicester;LE2 8QP
12 Park Hill Drive, Leicester;LE2 8HR
14 Curzon Road, Leicester;LE2 8EB
349 Milligan Road, Leicester;LE2 8FH
6 Shropshire Road, Leicester;LE2 8HW
123 Lutterworth Road, Aylestone;LE2 8PL
329 Milligan Road, Leicester;LE2 8FH
149 Vernon Road, Leicester;LE2 8GF
747A Aylestone Road, Leicester;LE2 8TG
33 Vernon Road, Leicester;LE2 8GE
19 Paigle Road, Leicester;LE2 8HP
209 Duncan Road, Leicester;LE2 8EJ
7 Matts Close, Leicester;LE2 8SJ
144 Aylestone Drive, Leicester;LE2 8SA
314 Aylestone Road, Leicester;LE2 8BJ
30 Hampshire Road, Leicester;LE2 8HF
15 Worcester Road, Leicester;LE2 8HY
45 Glenhills Boulevard, Leicester;LE2 8UF
45 Cyprus Road, Leicester;LE2 8QT
52 Lutterworth Road, Aylestone;LE2 8PF
6 Alton Road, Leicester;LE2 8QA
40 Aylestone Drive, Leicester;LE2 8QD
95 Sharpland, Leicester;LE2 8UP
62 Wigston Lane, Aylestone;LE2 8TL
26 Vernon Road, Leicester;LE2 8GA
66 Conaglen Road, Leicester;LE2 8LD
21 Marsden Lane, Leicester;LE2 8LS
176 Little Glen Road, Glen Parva;LE2 9TT
30 Southfield Close, Glen Parva;LE2 9NW
50 Twickenham Road, Leicester;LE2 9RY
11 Hillsborough Crescent, Glen Parva;LE2 9PU
4 Swinford Court, Leicester;LE2 9QN
4 Autumn Road, Leicester;LE2 9GL
9 Red House Road, Leicester;LE2 9NA
Apartment 49, Glenhills Court, Little Glen Road, Glen Parva;LE2 9DH
60 Little Glen Road, Glen Parva;LE2 9TS
23 Oakpool Gardens, Leicester;LE2 9FL
7 West View Avenue, Glen Parva;LE2 9JU
8 Autumn Road, Leicester;LE2 9GL
2A Woodbank, Glen Parva;LE2 9QP
1A Saxon Dale, Glen Parva;LE2 9QA
27 Grange Close, Leicester;LE2 9GN
10 Red House Gardens, Leicester;LE2 9LY
25 Hillsborough Road, Glen Parva;LE2 9PR
3 Peewit Close, Glen Parva;LE2 9NP
199 Sturdee Road, Leicester;LE2 9FY
1 Ebchester Road, Leicester;LE2 9LR
17 Grosvenor Close, Glen Parva;LE2 9UG
19 Edward Drive, Glen Parva;LE2 9UR
13 Nursery Hollow, Glen Parva;LE2 9NX
9 Copse Close, Leicester;LE2 9GP
133 Ambleside Drive, Leicester;LE2 9FD
Apartment 5, Glenhills Court, Little Glen Road, Glen Parva;LE2 9DH
59 Featherby Drive, Glen Parva;LE2 9NZ
13 Monmouth Drive, Leicester;LE2 9RJ
71 Brettell Road, Leicester;LE2 9AB
161 Little Glen Road, Glen Parva;LE2 9TX
6 Lancaster Way, Glen Parva;LE2 9UA
1 Bradshaw Avenue, Glen Parva;LE2 9PD
18 Queensferry Parade, Leicester;LE2 9LW
17 The Slade Greens, Leicester;LE2 9AL
16 Kelso Green, Leicester;LE2 9FJ
13 Knightsbridge Road, Glen Parva;LE2 9TY
62 Grange Drive, Glen Parva;LE2 9PF
68 Henray Avenue, Leicester;LE2 9QJ
123 Sturdee Road, Leicester;LE2 9EE
Apartment 52, Glenhills Court, Little Glen Road, Glen Parva;LE2 9DH
72 Gilmorton Avenue, Leicester;LE2 9GZ
10 Ford Rise, Leicester;LE2 9LU
Apartment 32, Glenhills Court, Little Glen Road, Glen Parva;LE2 9DH
Apartment 25, Glenhills Court, Little Glen Road, Glen Parva;LE2 9DH
Apartment 34, Glenhills Court, Little Glen Road, Glen Parva;LE2 9DH
4 Pawley Gardens, Leicester;LE2 9AE
Apartment 27, Glenhills Court, Little Glen Road, Glen Parva;LE2 9DH
61 Runcorn Road, Leicester;LE2 9FS
90 Sturdee Road, Leicester;LE2 9FW
51 Scotswood Crescent, Leicester;LE2 9QE
33 Julian Road, Leicester;LE2 9RH
3 Ambleside Drive, Leicester;LE2 9LE
1 Fontwell Drive, Leicester;LE2 9NL
8 Grange Drive, Glen Parva;LE2 9PF
96 Leicester Road, Glen Parva;LE2 9HE
50 Navigation Drive, Glen Parva;LE2 9TB
2 Alderleigh Road, Glen Parva;LE2 9TA
15 Tadcaster Avenue, Leicester;LE2 9GA
25 Rushton Drive, Leicester;LE2 9HX
32 Scotswood Crescent, Leicester;LE2 9QD
81 Ambleside Drive, Leicester;LE2 9FD
Flat 5, 1 Henray Avenue, Leicester;LE2 9QL
13 Swinford Avenue, Leicester;LE2 9RW
89 Westleigh Road, Glen Parva;LE2 9TP
8 Knightsbridge Road, Glen Parva;LE2 9TY
17 Greendale Road, Glen Parva;LE2 9HD
43 Simmins Crescent, Leicester;LE2 9AH
Apartment 20, Glenhills Court, Little Glen Road, Glen Parva;LE2 9DH
259 Sturdee Road, Leicester;LE2 9FZ
23 Saxon Dale, Glen Parva;LE2 9QA
29 New Bridge Road, Glen Parva;LE2 9TG
22 The Slade Greens, Leicester;LE2 9AJ
4 Glen Rise, Glen Parva;LE2 9HA
13 Shield Crescent, Leicester;LE2 9RT
5 Garnett Crescent, Leicester;LE2 9FG
5 Garnett Crescent, Leicester;LE2 9FG
12 Autumn Road, Leicester;LE2 9GL
11 Portgate, Wigston;LE18 3LQ
19 Curzon Avenue, Wigston;LE18 4LJ
86 Lansdowne Grove, Wigston;LE18 4LX
37 Station Street, Wigston;LE18 4TH
20 Hindoostan Avenue, Wigston;LE18 4UD
8 Kirkdale Road, Wigston;LE18 4SS
6 Truro Drive, Wigston;LE18 2JD
21 Gladstone Street, Wigston;LE18 1AE
73 Gloucester Crescent, Wigston;LE18 4YF
64 Winslow Drive, Wigston;LE18 3QG
36 Halcroft Rise, Wigston;LE18 2HS
8 Grangeway Road, Wigston;LE18 1JE
20 Darley Avenue, Wigston;LE18 4LL
14 Ashbourne Road, Wigston;LE18 1FD
3 Bilsdale Road, Wigston;LE18 3RW
3 Gayhurst Close, Wigston;LE18 3WA
21 Shackerdale Road, Wigston;LE18 1BQ
134 Mere Road, Wigston;LE18 3RL
21 Long Meadow, Wigston;LE18 3TY
19 Simons Close, Wigston;LE18 3UD
253 Leicester Road, Wigston;LE18 1JU
94 Windlass Drive, Wigston;LE18 4NW
74 Bassett Street, Wigston;LE18 4PE
32 Broughtons Field, Wigston;LE18 3LJ
12 Salcombe Close, Wigston;LE18 2FX
78 Burleigh Avenue, Wigston;LE18 1FL
29 Avondale Road, Wigston;LE18 1NB
73 Manor Street, Wigston;LE18 2BT
13 Queens Drive, Wigston;LE18 2DG
21 Anglesey Road, Wigston;LE18 4XA
7 Fleckney Road, Kilby;LE18 3TB
90 Windlass Drive, Wigston;LE18 4NW
153 Lansdowne Grove, Wigston;LE18 4LZ
2 Abington Close, Wigston;LE18 2EW
6 Alfreton Road, Wigston;LE18 1FA
31 Alfreton Road, Wigston;LE18 1FB
108 Foston Gate, Wigston;LE18 3SD
14 Two Steeples Square, Wigston;LE18 1DZ
15 Lime Kilns, Wigston;LE18 3ST
12 St Thomas Road, Wigston;LE18 4TA
21 Tansley Avenue, Wigston;LE18 4ND
10 Wards Closes, Wigston;LE18 3TS
41 Two Steeples Square, Wigston;LE18 1DZ
12 Davenport Road, Wigston;LE18 2HF
27 Ervins Lock Road, Wigston;LE18 4NQ
45 Pochins Bridge Road, Wigston;LE18 4NR
144 Oadby Road, Wigston;LE18 3PU
24 Amesbury Road, Wigston;LE18 2RB
15 Arnold Avenue, Wigston;LE18 4LA
9 Jasmine Court, Wigston;LE18 4TR
5 Carey Close, Wigston;LE18 2RX
25 Blakesley Road, Wigston;LE18 3WD
46 Waterloo Crescent, Wigston;LE18 3QH
185 Oadby Road, Wigston;LE18 3PW
Alfrace, Newton Lane, Wigston;LE18 3SH
3 Railway Street, Wigston;LE18 4QE
3 Weir Close, Wigston;LE18 4NG
24 Horsewell Lane, Wigston;LE18 2HQ
47 St Ives Road, Wigston;LE18 2JB
12 Lanes Court, Cross Street, Wigston;LE18 2LD
18 Gloucester Crescent, Wigston;LE18 4YD
3 Kent Crescent, Wigston;LE18 4XQ
16 Grange Road, Wigston;LE18 1JG
5 Nidderdale Road, Wigston;LE18 3XW
10 Mayfield Drive, Wigston;LE18 1NU
3 Dale Avenue, Wigston;LE18 1BL
9 Burleigh Avenue, Wigston;LE18 1FJ
22 Timber Street, Wigston;LE18 4QF
16 Burnham Close, Wigston;LE18 2QT
Flat 7, Kingswood Court, Long Street, Wigston;LE18 2BQ
13 Kew Drive, Wigston;LE18 1HH
147 Blaby Road, Wigston;LE18 4LB
42 Fairfield Street, Wigston;LE18 4SL
67 Canal Street, Wigston;LE18 4PN
65 Canal Street, Wigston;LE18 4PN
6 Honiton Close, Wigston;LE18 2JP
20 Georgeham Close, Wigston;LE18 2HZ
19 Clifford Street, Wigston;LE18 4SJ
21 Crete Avenue, Wigston;LE18 4UB
120 Saffron Road, Wigston;LE18 4UP
30 Saxondale Road, Wigston;LE18 3SY
12 Ashurst Close, Wigston;LE18 3SZ
15 Turville Close, Wigston;LE18 3UH
6 Sandy Rise, Wigston;LE18 3QB
78 Winslow Drive, Wigston;LE18 3QG
44 Mere Road, Wigston;LE18 3RJ
1 Staindale, Wigston;LE18 3XR
154 Kelmarsh Avenue, Wigston;LE18 3XS
14 Dukes Close, Wigston;LE18 2ED
32 Heatherley Grove, Wigston;LE18 2EY
14 Heatherley Grove, Wigston;LE18 2EY
86 Horsewell Lane, Wigston;LE18 2HR
20 Penzance Avenue, Wigston;LE18 2HW
70 Lansdowne Grove, Wigston;LE18 4LW
88 Windlass Drive, Wigston;LE18 4NW
89 Windlass Drive, Wigston;LE18 4NZ
91 Windlass Drive, Wigston;LE18 4NZ
130 Countesthorpe Road, Wigston;LE18 4PG
11 Chellaston Road, Wigston;LE18 1FR
19 Midland Cottages, Wigston;LE18 2BU
35 Clarkes Road, Wigston;LE18 2BF
63 St Ives Road, Wigston;LE18 2JB
21 Waterloo Crescent, Wigston;LE18 3QJ
11A Bodmin Avenue, Wigston;LE18 2HB
25 Falmouth Drive, Wigston;LE18 2HH
28 Heatherley Grove, Wigston;LE18 2EY
54 Penney Close, Wigston;LE18 1AN
18 Ingleby Road, Wigston;LE18 1DQ
15 Albion Street, Wigston;LE18 4SA
25 Irlam Street, Wigston;LE18 4QA
113 Kirkdale Road, Wigston;LE18 4ST
79 Heatherley Grove, Wigston;LE18 2EX
102 Moat Street, Wigston;LE18 2GE
55 Long Street, Wigston;LE18 2AJ
35 Bassett Street, Wigston;LE18 4PD
22 Carlton Drive, Wigston;LE18 1DE
6 Matlock Avenue, Wigston;LE18 4NA
54 Healey Street, Wigston;LE18 4PX
16 Rosedale Road, Wigston;LE18 3XT
101 Gloucester Crescent, Wigston;LE18 4YF
200 Gloucester Crescent, Wigston;LE18 4YH
45 Kirkdale Road, Wigston;LE18 4SR
20 Kilby Drive, Wigston;LE18 3SR
7 Simons Close, Wigston;LE18 3UD
8 Manor Street, Wigston;LE18 2BS
131 Kingston Avenue, Wigston;LE18 1HP
117 Aylestone Lane, Wigston;LE18 1BB
37 Burleigh Avenue, Wigston;LE18 1FJ
35 Weir Close, Wigston;LE18 4NG
85 Windlass Drive, Wigston;LE18 4NZ
263 Aylestone Lane, Wigston;LE18 1BE
83 Repton Road, Wigston;LE18 1GD
61 Heatherley Grove, Wigston;LE18 2EX
24 Heatherley Grove, Wigston;LE18 2EY
26 Langton Road, Wigston;LE18 2HT
38 Cheddar Road, Wigston;LE18 3PH
12 Chatsworth Avenue, Wigston;LE18 4LF
6 Ingrams Way, Wigston;LE18 3TU
37 Foston Gate, Wigston;LE18 3SS
106 Kingston Avenue, Wigston;LE18 1HN
12 Thorpe Drive, Wigston;LE18 1LE
82 Welford Road, Wigston;LE18 3SL
118 Aylestone Lane, Wigston;LE18 1BA
52 Brixham Drive, Wigston;LE18 1BH
87 Windlass Drive, Wigston;LE18 4NZ
26 Owston Drive, Wigston;LE18 2EN
29 Falmouth Drive, Wigston;LE18 2HH
Flat 5, Kingswood Court, Long Street, Wigston;LE18 2BQ
47 Spa Lane, Wigston;LE18 3QD
4 Bronze Barrow Close, Wigston;LE18 3RZ
1 Fir Tree Close, Wigston;LE18 1JD
43 Cumberland Road, Wigston;LE18 4XL
1 Gold Hill Court, Wigston;LE18 2DE
40 Castleton Road, Wigston;LE18 1FP
11 Fir Tree Close, Wigston;LE18 1JD
53 Ashbourne Road, Wigston;LE18 1FE
11 Laverstock Road, Wigston;LE18 2RJ
8 Rosedale Road, Wigston;LE18 3XT
9 Curzon Avenue, Wigston;LE18 4LJ
54 Acorn Way, Wigston;LE18 3YA
92 Mere Road, Wigston;LE18 3RL
73 Newton Lane, Wigston;LE18 3SF
23 Ellison Close, Wigston;LE18 4QH
18 Kirkdale Road, Wigston;LE18 4SS
46 Central Avenue, Wigston;LE18 2AA
29 Georgeham Close, Wigston;LE18 2HZ
87 Holmden Avenue, Wigston;LE18 2EG
54 Aylestone Lane, Wigston;LE18 1AA
18 Torrington Close, Wigston;LE18 2RY
63 Cleveland Road, Wigston;LE18 1NF
72 Guilford Drive, Wigston;LE18 1HF
1B Gladstone Street, Wigston;LE18 1AE
138 Welford Road, Wigston;LE18 3SN
22 Heards Close, Wigston;LE18 3SW
251 Aylestone Lane, Wigston;LE18 1BE
13 Horndean Avenue, Wigston;LE18 1DP
20 Caldecott Close, Wigston;LE18 3WQ
19 Boulter Crescent, Wigston;LE18 3WY
7 Naseby Close, Wigston;LE18 3XH
81 Heatherley Grove, Wigston;LE18 2EX
77 Heatherley Grove, Wigston;LE18 2EX
13 Clipstone Close, Wigston;LE18 3QS
29 Repton Road, Wigston;LE18 1GB
27 Kenilworth Road, Wigston;LE18 4UF
48 Cherry Street, Wigston;LE18 2BD
71 Cleveland Road, Wigston;LE18 1NF
61 Dorset Avenue, Wigston;LE18 4WE
20 Middleton Close, Wigston;LE18 3WF
33 Kent Crescent, Wigston;LE18 4XQ
16 Langton Road, Wigston;LE18 2HT
21 Herrick Way, Wigston;LE18 3LR
23 Georgeham Close, Wigston;LE18 2HZ
10 Camborne Close, Wigston;LE18 2JE
83 Kenilworth Road, Wigston;LE18 4XS
21 Culworth Drive, Wigston;LE18 3XG
7 Lansdowne Grove, Wigston;LE18 4LU
25 Turville Close, Wigston;LE18 3UH
25 Eastway Road, Wigston;LE18 1NH
174 Leicester Road, Wigston;LE18 1DS
59 Orson Drive, Wigston;LE18 2EL
59 Heatherley Grove, Wigston;LE18 2EX
79 Kingston Avenue, Wigston;LE18 1HP
Flat 3, Park Mews, Park Road, Wigston;LE18 4AD
Flat 5, Park Mews, Park Road, Wigston;LE18 4AD
128 Burleigh Avenue, Wigston;LE18 1FL
45 Dorset Avenue, Wigston;LE18 4WE
2 Windmill Bank, Wigston;LE18 3SX
27 Harrogate Way, Wigston;LE18 3YB
9 Cardigan Drive, Wigston;LE18 4XE
89 Roehampton Drive, Wigston;LE18 1HU
12 Highfield Crescent, Wigston;LE18 1NL
7 Jasmine Court, Wigston;LE18 4TR
36 Tansley Avenue, Wigston;LE18 4ND
55 Healey Street, Wigston;LE18 4PY
8 Taylors Bridge Road, Wigston;LE18 4NL
81 Repton Road, Wigston;LE18 1GD
21 Harrington Road, Wigston;LE18 3WB
26 Aylestone Lane, Wigston;LE18 1AA
10 Rolleston Road, Wigston;LE18 2EP
7 Eastway Road, Wigston;LE18 1NH
102 Kingston Avenue, Wigston;LE18 1HN
90 Kingston Avenue, Wigston;LE18 1HN
21 Buckfast Close, Wigston;LE18 2JU
18 Chatsworth Avenue, Wigston;LE18 4LF
11 Ashurst Close, Wigston;LE18 3SZ
5 Waterloo Crescent, Wigston;LE18 3QJ
46 Penney Close, Wigston;LE18 1AN
58 Penney Close, Wigston;LE18 1AN
5 Shackerdale Road, Wigston;LE18 1BQ
186 Lansdowne Grove, Wigston;LE18 4LY
Flat 9, Launceston House, Launceston Road, Wigston;LE18 2GL
1 Exeter Road, Wigston;LE18 1FT
4 Lanes Court, Cross Street, Wigston;LE18 2LD
31 Jasmine Court, Wigston;LE18 4TR
17 Carrington Road, Hamilton;LE5 1PY
107 Nansen Road, Leicester;LE5 5NL
197 Evington Lane, Leicester;LE5 6DJ
220 Mere Road, Leicester;LE5 5GP
4 Linton Street, Leicester;LE5 5JA
21 Grove Road, Leicester;LE5 3HJ
20 The Langhill, Leicester;LE5 4PQ
372 Scraptoft Lane, Leicester;LE5 1PD
10 Cawston Close, Hamilton;LE5 1PU
46 Maplin Road, Leicester;LE5 1SA
44 Ivychurch Crescent, Leicester;LE5 1RR
55 Humberstone Drive, Leicester;LE5 0RE
Flat 9, 27 Sockburn Close, Hamilton;LE5 1NR
Flat 1, 148 Mere Road, Leicester;LE5 5GN
58 Osborne Road, Leicester;LE5 5ER
20 Pevensey Avenue, Leicester;LE5 6XP
Flat 3, 27 Sockburn Close, Hamilton;LE5 1NR
105 Cardinals Walk, Leicester;LE5 1LJ
78 Columbine Road, Hamilton;LE5 1UG
12 The Parkway, Leicester;LE5 2BA
21 Wendys Close, Leicester;LE5 2HY
20 Redwing Walk, Leicester;LE5 3FB
Apartment 4, 212 Sandhills Avenue, Hamilton;LE5 1PL
45 Egginton Street, Leicester;LE5 5BE
18 Tillingham Road, Leicester;LE5 0AH
234 Scraptoft Lane, Leicester;LE5 1HX
40 Humberstone Drive, Leicester;LE5 0RA
106 Harewood Street, Leicester;LE5 3LW
20 Renishaw Drive, Leicester;LE5 5TY
49 Romway Road, Leicester;LE5 5SD
53 Bellflower Road, Hamilton;LE5 1TS
8 Herongate Road, Leicester;LE5 0AW
51 Wycombe Road, Leicester;LE5 0PP
10 Mallow Close, Hamilton;LE5 1UY
8 Langholm Road, Leicester;LE5 2LT
107 Dudley Avenue, Leicester;LE5 2EG
8 Green Lane Close, Leicester;LE5 4NJ
31 Shipley Road, Leicester;LE5 5BX
6 Susan Avenue, Leicester;LE5 6GF
57 Broadway Road, Leicester;LE5 5TB
6 Linden Drive, Leicester;LE5 6AH
33 The Portwey, Leicester;LE5 0PT
19 Lynmouth Road, Leicester;LE5 1NB
126 Maidenwell Avenue, Hamilton;LE5 1QR
93 Thornborough Way, Hamilton;LE5 1AX
29 Wigley Road, Leicester;LE5 1JH
16 Freeman Road North, Leicester;LE5 4NA
11 Mount Road, Leicester;LE5 3DN
85 Whinchat Road, Leicester;LE5 3FA
5 Jellicoe Road, Leicester;LE5 4FP
7 The Langhill, Leicester;LE5 4PQ
8 Judith Drive, Leicester;LE5 6FJ
206 Spencefield Lane, Leicester;LE5 6HG
91 Green Lane Road, Leicester;LE5 3TP
160 Uppingham Road, Leicester;LE5 0QG
96 Duxbury Road, Leicester;LE5 3LQ
3 St Saviours Hill, Leicester;LE5 3JA
56 The Wayne Way, Leicester;LE5 4NT
7 Dorothy Road, Leicester;LE5 5DR
34 Foxton Road, Hamilton;LE5 1AY
28 Flatholme Road, Leicester;LE5 1LR
84 Brompton Road, Hamilton;LE5 1PQ
Apartment F14, 41 Grosvenor Gate, Leicester;LE5 0TL
Apartment G23, 41 Grosvenor Gate, Leicester;LE5 0TL
24 Columbine Road, Hamilton;LE5 1UG
17 Ellwood Close, Leicester;LE5 4NX
82 Kitchener Road, Leicester;LE5 4AT
29 Nursery Road, Leicester;LE5 2HQ
41 Jellicoe Road, Leicester;LE5 4FP
286 Thurncourt Road, Leicester;LE5 2NH
19 Eddystone Road, Leicester;LE5 2PL
59 Barbara Avenue, Leicester;LE5 2AE
Flat 2, Oxon Court, 66 Rowlatts Hill Road, Leicester;LE5 4UF
86 Falmouth Road, Leicester;LE5 4WH
30 Okehampton Avenue, Leicester;LE5 5NS
29 Tavistock Drive, Leicester;LE5 5NT
24 Whitehall Road, Leicester;LE5 6GH
93 Newhaven Road, Leicester;LE5 6JH
117 Kingsway Road, Leicester;LE5 5TU
66 Whitehall Road, Leicester;LE5 6GH
24 Staveley Road, Leicester;LE5 5JT
11 Ashtree Road, Hamilton;LE5 1TW
10 Honeysuckle Road, Hamilton;LE5 1TX
34 Laburnum Road, Leicester;LE5 1FP
3 Foxton Road, Hamilton;LE5 1AY
36 Stanley Drive, Leicester;LE5 1EA
3 Sockburn Close, Hamilton;LE5 1NR
26A Speedwell Drive, Hamilton;LE5 1UH
60 Sunbury Green, Leicester;LE5 2QJ
174 Kitchener Road, Leicester;LE5 4FQ
10 Illingworth Road, Leicester;LE5 4EU
37 Thorpewell, Leicester;LE5 4NU
257 Green Lane Road, Leicester;LE5 4PE
37 Sextant Road, Leicester;LE5 2JB
Flat 9, Lambert Court, 240 Uppingham Road, Leicester;LE5 2BD
12 Averil Road, Leicester;LE5 2DA
384 Uppingham Road, Leicester;LE5 2DP
22 Glossop Street, Leicester;LE5 5HN
4 Oakside Crescent, Leicester;LE5 6SJ
8 Gifford Close, Leicester;LE5 6FG
114 Highway Road, Leicester;LE5 5RF
132 Gwendolen Road, Leicester;LE5 5FF
154 Gwendolen Road, Leicester;LE5 5FG
111 Nansen Road, Leicester;LE5 5NL
41 Mayflower Road, Leicester;LE5 5QE
111 Goodwood Road, Leicester;LE5 6TQ
412 Uppingham Road, Leicester;LE5 2DP
43 Frederick Road, Leicester;LE5 3HF
59 Green Lane Road, Leicester;LE5 3TP
11 St Swithins Road, Leicester;LE5 2GE
4 Dalton Road, Hamilton;LE5 1PN
21 Steins Lane, Leicester;LE5 1ED
43 Celandine Road, Hamilton;LE5 1SW
31 Hazeldene Road, Hamilton;LE5 1UA
21 Thornborough Way, Hamilton;LE5 1AX
22 Netherhall Road, Leicester;LE5 1DJ
43 Willow Brook Road, Leicester;LE5 0FG
18 Wigley Road, Leicester;LE5 1JG
48 Cardinals Walk, Leicester;LE5 1LF
Apartment 6, Danbury Gardens, 1 Danbury Place, Leicester;LE5 0AZ
Flat 31, 7 Birkby Close, Hamilton;LE5 1PS
126 Carrick Point, Falmouth Road, Leicester;LE5 4WN
63 Cork Street, Leicester;LE5 5AR
25 Sherwood Street, Leicester;LE5 4GR
118 Colchester Road, Leicester;LE5 2DG
10 Rona Gardens, Leicester;LE5 2QF
196 Scraptoft Lane, Leicester;LE5 1HX
75 Dorothy Road, Leicester;LE5 5DS
128 Evington Lane, Leicester;LE5 6DG
21 Sawley Street, Leicester;LE5 5JR
34 Chesterfield Road, Leicester;LE5 5LF
34 Ethel Road, Leicester;LE5 5NA
9 Ingarsby Drive, Leicester;LE5 6HB
87 Newhaven Road, Leicester;LE5 6JH
8 Hardwick Road, Leicester;LE5 6NA
47 Roborough Green, Leicester;LE5 2NB
4 Mcvicker Close, Leicester;LE5 4ER
12 Vicarage Lane, Humberstone;LE5 1EE
52 Parkstone Road, Leicester;LE5 1NN
22 Foxton Road, Hamilton;LE5 1AY
65 Kestrel Lane, Hamilton;LE5 1BH
54 Heritage Way, Hamilton;LE5 1QF
192 Mere Road, Leicester;LE5 5GN
Apartment 24, Danbury Gardens, 1 Danbury Place, Leicester;LE5 0AZ
21 Farringdon Street, Leicester;LE5 0EB
12 Leveric Road, Leicester;LE5 0HN
74 Hallaton Road, Leicester;LE5 0PX
9 Elmdon Drive, Leicester;LE5 0BN
Apartment 3, Hamilton Court, 1 Heritage Way, Hamilton;LE5 1QF
12 Honeysuckle Road, Hamilton;LE5 1TX
Flat K2, Chapel View, High Street, Evington;LE5 6FN
18 Barnstaple Road, Leicester;LE5 6XB
61 Oxon Way, Leicester;LE5 4TU
34 Bodnant Avenue, Leicester;LE5 5RA
106 Harewood Street, Leicester;LE5 3LW
41 Sextant Road, Leicester;LE5 2JB
314 Uppingham Road, Leicester;LE5 2BE
44 Milnroy Road, Leicester;LE5 2LU
109 Rolleston Street, Leicester;LE5 3SD
Flat 1, Abbots Court, 117 Main Street, Humberstone;LE5 1AE
14 Gedding Road, Leicester;LE5 5DT
67 Constance Road, Leicester;LE5 5DF
70 Willow Brook Road, Leicester;LE5 0FE
15 Hallaton Road, Leicester;LE5 0QH
56 Wood Hill, Leicester;LE5 3SP
72 Dronfield Street, Leicester;LE5 5AT
23 Linden Street, Leicester;LE5 5ED
32 Whitehall Road, Leicester;LE5 6GH
39 Heybridge Road, Leicester;LE5 0AP
52 Mere Road, Leicester;LE5 3HQ
2 Barlow Road, Leicester;LE5 1WL
46 Woodborough Road, Leicester;LE5 4LR
16 Bathurst Road, Leicester;LE5 6LD
234 Mere Road, Leicester;LE5 5GP
5 Brightside Road, Leicester;LE5 5LD
Flat 6, Victoria Court, 214 Victoria Road East, Leicester;LE5 0LF
68 Laburnum Road, Leicester;LE5 1FP
20 Snape Close, Hamilton;LE5 1LY
Apartment F12, 21 Grosvenor Gate, Leicester;LE5 0TL
Apartment 1, Rearsby House, 50 Stillington Crescent, Hamilton;LE5 1BR
34 Okehampton Avenue, Leicester;LE5 5NS
107 Davenport Road, Leicester;LE5 6SE
71 Carrick Point, Falmouth Road, Leicester;LE5 4WN
15 Coplow Avenue, Leicester;LE5 5WA
114 Bridge Road, Leicester;LE5 3QN
39 Rolleston Street, Leicester;LE5 3SB
88 Kedleston Road, Leicester;LE5 5HW
4 Little Easton Close, Leicester;LE5 0AF
43 Laverton Road, Hamilton;LE5 1DW
83 Laverton Road, Hamilton;LE5 1WG
250 Uppingham Road, Leicester;LE5 2BE
48 Constance Road, Leicester;LE5 5DB
392 Green Lane Road, Leicester;LE5 4NE
22 Rockery Close, Leicester;LE5 4DQ
133 Willow Brook Road, Leicester;LE5 0FH
69 Cranesbill Road, Hamilton;LE5 1TA
4 Hatherleigh Road, Leicester;LE5 5NR
22 Baden Road, Leicester;LE5 5PA
59 Englefield Road, Leicester;LE5 6PJ
37 Skampton Road, Leicester;LE5 6TP
23 King Edward Road, Leicester;LE5 4DD
7 Elmdon Drive, Leicester;LE5 0BN
5 Vicarage Gardens, Humberstone;LE5 1EJ
4 Kinsley Road, Leicester;LE5 1GL
84 Wakerley Road, Leicester;LE5 6AQ
96 Copdale Road, Leicester;LE5 4FF
113 Colchester Road, Leicester;LE5 2DJ
83 Woodland Road, Leicester;LE5 3PG
18 Scraptoft Lane, Leicester;LE5 1HU
14 Netherhall Road, Leicester;LE5 1DJ
Flat 2, Evington Court, Evington Lane, Leicester;LE5 6DH
4 Croyland Green, Leicester;LE5 2LB
121 Cottesmore Road, Leicester;LE5 3LP
25 Skampton Road, Leicester;LE5 6TN
114 Wicklow Drive, Leicester;LE5 4RB
37 Tennis Court Drive, Leicester;LE5 1AS
1 Vicarage Gardens, Humberstone;LE5 1EJ
69 Keyham Lane, Leicester;LE5 1FH
15 Danbury Place, Leicester;LE5 0AZ
5 Elmdon Drive, Leicester;LE5 0BN
2 Yelverton Avenue, Leicester;LE5 6XR
1 Plymouth Drive, Leicester;LE5 5NN
11 St Saviours Hill, Leicester;LE5 3JA
130 Kitchener Road, Leicester;LE5 4AT
116 Kitchener Road, Leicester;LE5 4AT
16 Thomasson Road, Leicester;LE5 4EH
25 Bovinger Road, Leicester;LE5 0TX
7A Pine Tree Avenue, Leicester;LE5 1AL
63 Kirkwall Crescent, Leicester;LE5 2QD
24 Briar Road, Leicester;LE5 2HA
8 Woodleigh Close, Leicester;LE5 2HW
Flat 2, White House Court, 1 Hawthorne Drive, Leicester;LE5 6DL
38 Oak Street, Leicester;LE5 0ET
137 Prestwold Road, Leicester;LE5 0EZ
59 Bramall Road, Leicester;LE5 0PF
21 Somers Road, Leicester;LE5 2FB
181 Uppingham Road, Leicester;LE5 4BP
32 Woodland Road, Leicester;LE5 3PF
29 Willow Brook Road, Leicester;LE5 0FG
16 Welland Vale Road, Leicester;LE5 6PW
3 Linden Drive, Leicester;LE5 6AJ
321 St Saviours Road, Leicester;LE5 4HG
238 Coleman Road, Leicester;LE5 4LL
27 Gough Road, Leicester;LE5 4AL
87 Whinchat Road, Leicester;LE5 3FA
Apartment F21, 43 Grosvenor Gate, Leicester;LE5 0TL
Apartment G30, 47 Grosvenor Gate, Leicester;LE5 0TL
20 Hollowtree Road, Hamilton;LE5 1TH
126 Maidenwell Avenue, Hamilton;LE5 1QR
7 Vicarage Gardens, Humberstone;LE5 1EJ
135 Ethel Road, Leicester;LE5 5WB
1 Headland Road, Leicester;LE5 6AE
41 Kilverstone Avenue, Leicester;LE5 6XN
47 Stanhope Street, Leicester;LE5 5EW
256A Gwendolen Road, Leicester;LE5 5FH
23 Prospect Hill, Leicester;LE5 3RT
104 Averil Road, Leicester;LE5 2DB
274B Uppingham Road, Leicester;LE5 2BE
3 Percival Street, Leicester;LE5 3NR
41 Lymington Road, Leicester;LE5 1LT
27 Constance Road, Leicester;LE5 5DE
121 Broad Avenue, Leicester;LE5 4PU
7 Carnaby Close, Leicester;LE5 1EL
34 Danbury Place, Leicester;LE5 0BB
27 Netherhall Road, Leicester;LE5 1DP
3 Carnaby Close, Leicester;LE5 1EL
5 Carnaby Close, Leicester;LE5 1EL
8 Cranesbill Road, Hamilton;LE5 1TA
82 Meadowsweet Road, Hamilton;LE5 1TP
65 Broadway Road, Leicester;LE5 5TB
59 Harringworth Road, Leicester;LE5 6TL
126 Coleman Road, Leicester;LE5 4LJ
69 Woodland Road, Leicester;LE5 3PG
69 Asfordby Street, Leicester;LE5 3QL
36 Rolleston Street, Leicester;LE5 3SA
18 Rayleigh Green, Leicester;LE5 1SP
14 Egginton Street, Leicester;LE5 5BA
33 Ethel Road, Leicester;LE5 5NB
12 Peters Drive, Leicester;LE5 2AN
13 St Swithins Road, Leicester;LE5 2GE
10 Greenbank Road, Leicester;LE5 1RL
21 Overton Road, Leicester;LE5 0JB
Flat 1, 254 Mere Road, Leicester;LE5 5GP
Flat 4, 254 Mere Road, Leicester;LE5 5GP
8 Catterick Way, Hamilton;LE5 1ER
30 Kepwick Road, Hamilton;LE5 1NZ
71 Stoughton Drive North, Leicester;LE5 5UD
77 Barbara Avenue, Leicester;LE5 2AE
355 Uppingham Road, Leicester;LE5 4DN
543 St Saviours Road, Leicester;LE5 4HN
90 Meynell Road, Leicester;LE5 3ND
28 Oakley Road, Leicester;LE5 3NH
7 Herthull Road, Leicester;LE5 2EL
4 Croyland Green, Leicester;LE5 2LB
3 Scraptoft Mews, Leicester;LE5 2BH
7 Garsington Walk, Leicester;LE5 4TF
1 Sunnyfield Close, Leicester;LE5 6SP
34 Woodnewton Drive, Leicester;LE5 6NJ
71 Saxthorpe Road, Hamilton;LE5 1PT
Flat 4, Lambert Court, 240 Uppingham Road, Leicester;LE5 2BD
1 Scraptoft Mews, Leicester;LE5 2BH
91 St Austell Road, Leicester;LE5 2RH
158 Green Lane Road, Leicester;LE5 3TL
55 Haynes Road, Leicester;LE5 4AR
76 Grove Road, Leicester;LE5 3HG
59 Nursery Road, Leicester;LE5 2HQ
12 New Way Road, Leicester;LE5 5UA
42 Gedding Road, Leicester;LE5 5DU