place;scanned
Aberdeen;0
Accident;0
Annapolis;0
Baltimore;0
Barclay;0
Barnesville;0
Barton;0
Bel Air;0
Berlin;0
Berwyn Heights;0
Betterton;0
Bladensburg;0
Boonsboro;0
Bowie;0
Brentwood;0
Brookeville;0
Brookview;0
Brunswick;0
Burkittsville;0
Cambridge;0
Capitol Heights;0
Cecilton;0
Centreville;0
Charlestown;0
Chesapeake Beach;0
Chesapeake City;0
Chestertown;0
Cheverly;0
Chevy Chase View;0
Chevy Chase Village;0
Chevy Chase, Town of;0
Chevy Chase, Village of, Section 3;0
Chevy Chase, Village of, Section 5;0
Church Creek;0
Church Hill;0
Clear Spring;0
College Park;0
Colmar Manor;0
Cottage City;0
Crisfield;0
Cumberland;0
Deer Park;0
Delmar;0
Denton;0
District Heights;0
Eagle Harbor;0
East New Market;0
Easton;0
Edmonston;0
Eldorado;0
Elkton;0
Emmitsburg;0
Fairmount Heights;0
Federalsburg;0
Forest Heights;0
Frederick;0
Friendsville;0
Frostburg;0
Fruitland;0
Funkstown;0
Gaithersburg;0
Galena;0
Galestown;0
Garrett Park;0
Glen Echo;0
Glenarden;0
Goldsboro;0
Grantsville;0
Greenbelt;0
Greensboro;0
Hagerstown;0
Hampstead;0
Hancock;0
Havre de Grace;0
Hebron;0
Henderson;0
Highland Beach;0
Hillsboro;0
Hurlock;0
Hyattsville;0
Indian Head;0
Keedysville;0
Kensington;0
Kitzmiller;0
La Plata;0
Landover Hills;0
Laurel;0
Laytonsville;0
Leonardtown;0
Loch Lynn Heights;0
Lonaconing;0
Luke;0
Manchester;0
Mardela Springs;0
Martin's Additions;0
Marydel;0
Middletown;0
Midland;0
Millington;0
Morningside;0
Mount Airy;0
Mount Rainier;0
Mountain Lake Park;0
Myersville;0
New Carrollton;0
New Market;0
New Windsor;0
North Beach;0
North Brentwood;0
North Chevy Chase;0
North East;0
Oakland;0
Ocean City;0
Oxford;0
Perryville;0
Pittsville;0
Pocomoke City;0
Poolesville;0
Port Deposit;0
Port Tobacco;0
Preston;0
Princess Anne;0
Queen Anne;0
Queenstown;0
Ridgely;0
Rising Sun;0
Riverdale Park;0
Rock Hall;0
Rockville;0
Rosemont;0
Salisbury;0
Seat Pleasant;0
Secretary;0
Sharpsburg;0
Sharptown;0
Smithsburg;0
Snow Hill;0
Somerset;0
St. Michaels;0
Sudlersville;0
Sykesville;0
Takoma Park;0
Taneytown;0
Templeville;0
Thurmont;0
Trappe;0
Union Bridge;0
University Park;0
Upper Marlboro;0
Vienna;0
Walkersville;0
Washington Grove;0
Westernport;0
Westminster;0
Willards;0
Williamsport;0
Woodsboro;0